{
  "generated_at": "2026-02-07T03:35:02.642440",
  "total_surcharge_revenue": {
    "total_surcharge_revenue": {
      "0": 75367195.25
    },
    "total_trips_with_surcharge": {
      "0": 30131178
    },
    "avg_surcharge": {
      "0": 2.5013026457180003
    }
  },
  "rain_elasticity": {
    "correlation": 0.15022655589115413,
    "slope": 443.43114008715685,
    "r_squared": 0.022568018094918048,
    "p_value": 0.005869731526095835,
    "interpretation": "inelastic"
  },
  "suspicious_vendors": {
    "vendor_id": {
      "0": 2,
      "1": 1,
      "2": 7,
      "3": 6
    },
    "ghost_trip_count": {
      "0": 1474768,
      "1": 516990,
      "2": 111004,
      "3": 3368
    },
    "total_suspicious_fare": {
      "0": 46274469.24000008,
      "1": 11886141.62999997,
      "2": 3941438.2599999974,
      "3": 43076.390000000014
    },
    "pct_of_all_ghost_trips": {
      "0": 70.0226481746141,
      "1": 24.546917806593136,
      "2": 5.270519863446226,
      "3": 0.15991415534653605
    }
  },
  "compliance_rate": {
    "total_zone_entry_trips": {
      "0": 6379569
    },
    "trips_with_surcharge": {
      "0": 4584547.0
    },
    "trips_without_surcharge": {
      "0": 1718809.0
    },
    "compliance_rate": {
      "0": 71.86295814027562
    }
  },
  "missing_surcharge_locations": {
    "pickup_loc": {
      "0": 183,
      "1": 3,
      "2": 77
    },
    "total_entries": {
      "0": 458,
      "1": 707,
      "2": 1234
    },
    "missing_surcharge": {
      "0": 457.0,
      "1": 705.0,
      "2": 1230.0
    },
    "missing_rate": {
      "0": 99.78165938864629,
      "1": 99.71711456859971,
      "2": 99.67585089141005
    }
  }
}